"","es_id","study_id","author","pub_year","continent","grade","low_ability","teachers","ni","yi","vi"
"1",1,6,"Hoffman",2010,1,5,"2",1,70,-0.40005965,0.014925373
"2",2,6,"Hoffman",2010,1,5,"2",1,70,-0.447692024,0.014925373
"3",3,19,"Farquharson",2004,1,5,"2",2,89,0.010000333,0.011627907
"4",4,31,"Beasley, Long, & Natali",2001,1,3,"2",2,278,-0.287682072,0.003636364
"5",5,37,"Novak & Tassell",2015,1,5,"2",1,30,-0.466047199,0.037037037
"6",6,37,"Novak & Tassell",2015,1,5,"2",1,30,-0.693147181,0.037037037
"7",7,37,"Novak & Tassell",2015,1,5,"2",1,30,-0.847955755,0.037037037
"8",8,47,"Hart, Logan, Thompson, Kovas, McLoughlin, & Petrill",2016,1,3,"2",2,506,-0.320545409,0.001988072
"9",9,47,"Hart, Logan, Thompson, Kovas, McLoughlin, & Petrill",2016,1,3,"2",2,502,-0.244774113,0.002004008
"10",10,47,"Hart, Logan, Thompson, Kovas, McLoughlin, & Petrill",2016,1,3,"2",2,493,-0.309519604,0.002040816
"11",11,47,"Hart, Logan, Thompson, Kovas, McLoughlin, & Petrill",2016,1,3,"2",2,484,-0.060072156,0.002079002
"12",12,47,"Hart, Logan, Thompson, Kovas, McLoughlin, & Petrill",2016,1,3,"2",2,475,-0.140925576,0.002118644
"13",13,69,"Leap",2013,1,2,"2",2,40,-0.252215359,0.027027027
"14",14,80,"Abu-Hilal",2000,4,3,"2",2,394,-0.376885901,0.002557545
"15",15,80,"Abu-Hilal",2000,4,3,"2",2,394,-0.42364893,0.002557545
"16",16,80,"Abu-Hilal",2000,4,3,"2",2,394,-0.484700279,0.002557545
"17",17,107,"Ferla, Valcke, & Cai",2009,3,4,"2",2,8796,-0.447692024,0.000113727
"18",18,107,"Ferla, Valcke, & Cai",2009,3,4,"2",2,8796,-0.244774113,0.000113727
"19",19,108,"Zettle",2003,1,5,"2",2,24,-0.153187103,0.047619048
"20",20,116,"Zachai",1995,1,5,"2",2,111,-0.276863823,0.009259259
"21",21,119,"Bessant",2000,1,5,"2",2,240,-0.246578801,0.004219409
"22",22,119,"Bessant",2000,1,5,"2",2,240,-0.17682002,0.004219409
"23",23,119,"Bessant",2000,1,5,"2",2,240,-0.168578995,0.004219409
"24",24,119,"Bessant",2000,1,5,"2",2,181,-0.298675449,0.005617978
"25",25,119,"Bessant",2000,1,5,"2",2,181,-0.291483877,0.005617978
"26",26,119,"Bessant",2000,1,5,"2",2,181,-0.208155148,0.005617978
"27",27,120,"Jansen, Schmitz, & van der Maas",2016,3,6,"2",2,521,-0.340585495,0.001930502
"28",28,131,"Baloglu",2001,1,5,"2",2,246,-0.40005965,0.004115226
"29",29,137,"Tissot",1997,1,3,"2",2,265,-0.266108407,0.003816794
"30",30,137,"Tissot",1997,1,3,"2",2,258,-0.171666664,0.003921569
"31",31,137,"Tissot",1997,1,3,"2",2,232,-0.309519604,0.004366812
"32",32,137,"Tissot",1997,1,3,"2",2,225,-0.276863823,0.004504505
"33",33,137,"Tissot",1997,1,3,"2",2,76,-0.3884231,0.01369863
"34",34,137,"Tissot",1997,1,3,"2",2,131,-0.13073985,0.0078125
"35",35,137,"Tissot",1997,1,3,"2",2,119,-0.255412812,0.00862069
"36",36,137,"Tissot",1997,1,3,"2",2,168,-0.234189467,0.006060606
"37",37,140,"Davis",2009,1,5,"2",2,290,-0.134810788,0.003484321
"38",38,140,"Davis",2009,1,5,"2",2,290,-0.175788613,0.003484321
"39",39,143,"Cook",1997,1,5,"2",2,186,-0.056058649,0.005464481
"40",40,143,"Cook",1997,1,5,"2",2,151,-0.072124804,0.006756757
"41",41,148,"Erturan & Jansen",2015,3,2,"2",2,110,-0.071119666,0.009345794
"42",42,148,"Erturan & Jansen",2015,3,2,"2",2,98,-0.237359351,0.010526316
"43",43,148,"Erturan & Jansen",2015,3,3,"2",2,71,-0.151140436,0.014705882
"44",44,148,"Erturan & Jansen",2015,3,3,"2",2,63,-0.3884231,0.016666667
"45",45,151,"Birgin, Baloglu, Cathoglu, & Gurbuz",2010,4,3,"2",2,73,-0.972955075,0.014285714
"46",46,151,"Birgin, Baloglu, Cathoglu, & Gurbuz",2010,4,3,"2",2,74,-0.847955755,0.014084507
"47",47,151,"Birgin, Baloglu, Cathoglu, & Gurbuz",2010,4,3,"2",2,73,-0.907644983,0.014285714
"48",48,153,"Lim & Chapman",2013,4,4,"2",2,1027,-0.549306144,0.000976563
"49",49,166,"Gonzalez, Rodriguez, Failde, & Carrera",2016,3,5,"2",2,468,-0.718533343,0.002150538
"50",50,166,"Gonzalez, Rodriguez, Failde, & Carrera",2016,3,5,"2",2,479,-0.643090257,0.00210084
"51",51,167,"Williams",1994,1,4,"2",2,175,-0.228916547,0.005813953
"52",52,167,"Williams",1994,1,4,"2",2,175,-0.42364893,0.005813953
"53",53,171,"Miller & Bichsel",2004,1,6,"2",2,100,-0.331647109,0.010309278
"54",54,171,"Miller & Bichsel",2004,1,6,"2",2,100,-0.435611223,0.010309278
"55",55,174,"Morsanyi, Primi, Handley, Chiesi, & Galli",2012,3,5,"2",2,93,-0.354092529,0.011111111
"56",56,186,"Hopko, Hunt, & Armento",2005,1,5,"2",2,100,-0.266108407,0.010309278
"57",57,197,"Hamid, Shahrill, Matzin, Mahalle, & Mundia",2013,4,4,"2",2,204,-0.184050431,0.004975124
"58",58,197,"Hamid, Shahrill, Matzin, Mahalle, & Mundia",2013,4,4,"2",2,204,-0.263964597,0.004975124
"59",59,210,"Standing, Sproule, & Leung",2006,-999,5,"2",2,146,-0.145007898,0.006993007
"60",60,212,"Rolison, Morsanyi, & O'Connor",2016,1,6,"2",2,210,-0.549306144,0.004830918
"61",61,212,"Rolison, Morsanyi, & O'Connor",2016,1,6,"2",2,201,-0.3884231,0.005050505
"62",62,241,"Chiesi & Primi",2010,3,5,"2",2,487,-0.13073985,0.002066116
"63",63,241,"Chiesi & Primi",2010,3,5,"2",2,487,-0.140925576,0.002066116
"64",64,241,"Chiesi & Primi",2010,3,5,"2",2,487,-0.213171347,0.002066116
"65",65,241,"Chiesi & Primi",2010,3,5,"2",2,487,-0.110446916,0.002066116
"66",66,241,"Chiesi & Primi",2010,3,5,"2",2,487,-0.13073985,0.002066116
"67",67,241,"Chiesi & Primi",2010,3,5,"2",2,487,-0.151140436,0.002066116
"68",68,241,"Chiesi & Primi",2010,3,5,"2",2,487,-0.181982689,0.002066116
"69",69,241,"Chiesi & Primi",2010,3,5,"2",2,487,-0.255412812,0.002066116
"70",70,241,"Chiesi & Primi",2010,3,5,"2",2,487,-0.060072156,0.002066116
"71",71,241,"Chiesi & Primi",2010,3,5,"2",2,487,-0.060072156,0.002066116
"72",72,241,"Chiesi & Primi",2010,3,5,"2",2,487,-0.080171325,0.002066116
"73",73,241,"Chiesi & Primi",2010,3,5,"2",2,487,-0.202732554,0.002066116
"74",74,272,"Stankov, Morony, & Lee",2014,4,4,"2",2,598,-0.342828254,0.001680672
"75",75,289,"Ader & Erktin",2010,4,4,"2",2,751,-0.510070337,0.001336898
"76",76,295,"Bai",2011,1,3,"2",2,647,-0.40005965,0.001552795
"77",77,298,"Keeley, Zayac, & Correia",2008,1,5,"2",2,76,0.036015564,0.01369863
"78",78,298,"Keeley, Zayac, & Correia",2008,1,5,"2",2,76,-0.015001125,0.01369863
"79",79,298,"Keeley, Zayac, & Correia",2008,1,5,"2",2,76,-0.195451377,0.01369863
"80",80,298,"Keeley, Zayac, & Correia",2008,1,5,"2",2,69,-0.031009936,0.015151515
"81",81,298,"Keeley, Zayac, & Correia",2008,1,5,"2",2,69,-0.044028428,0.015151515
"82",82,298,"Keeley, Zayac, & Correia",2008,1,5,"2",2,69,-0.077152721,0.015151515
"83",83,298,"Keeley, Zayac, & Correia",2008,1,5,"2",2,69,-0.104377407,0.015151515
"84",84,298,"Keeley, Zayac, & Correia",2008,1,5,"2",2,69,-0.10943478,0.015151515
"85",85,298,"Keeley, Zayac, & Correia",2008,1,5,"2",2,68,-0.191299921,0.015384615
"86",86,298,"Keeley, Zayac, & Correia",2008,1,5,"2",2,63,-0.18715497,0.016666667
"87",87,298,"Keeley, Zayac, & Correia",2008,1,5,"2",2,63,-0.225758808,0.016666667
"88",88,298,"Keeley, Zayac, & Correia",2008,1,5,"2",2,63,-0.252215359,0.016666667
"89",89,298,"Keeley, Zayac, & Correia",2008,1,5,"2",2,63,-0.308421065,0.016666667
"90",90,298,"Keeley, Zayac, & Correia",2008,1,5,"2",2,63,-0.324976786,0.016666667
"91",91,298,"Keeley, Zayac, & Correia",2008,1,5,"2",2,62,-0.179916485,0.016949153
"92",92,298,"Keeley, Zayac, & Correia",2008,1,5,"2",2,61,-0.092260889,0.017241379
"93",93,298,"Keeley, Zayac, & Correia",2008,1,5,"2",2,61,-0.202732554,0.017241379
"94",94,298,"Keeley, Zayac, & Correia",2008,1,5,"2",2,61,-0.272554287,0.017241379
"95",95,308,"Maree, Van Der Walt, & Ellis",2009,5,3,"2",2,1103,-0.309519604,0.000909091
"96",96,315,"Tobias & Everson",1995,1,2,"2",2,51,-0.298566264,0.020833333
"97",97,320,"Lim & Chapman",2013,4,4,"2",2,1618,-0.549306144,0.000619195
"98",98,330,"Goetz, Bieg, Ludtke, Pekrun, & Hall",2013,3,4,"2",2,59,-0.276863823,0.017857143
"99",99,330,"Goetz, Bieg, Ludtke, Pekrun, & Hall",2013,3,3,"2",2,268,-0.447692024,0.003773585
"100",100,330,"Goetz, Bieg, Ludtke, Pekrun, & Hall",2013,3,3,"2",2,316,0.106399703,0.003194888
"101",101,330,"Goetz, Bieg, Ludtke, Pekrun, & Hall",2013,3,3,"2",2,316,-0.365443754,0.003194888
"102",102,330,"Goetz, Bieg, Ludtke, Pekrun, & Hall",2013,3,3,"2",2,268,0.055055559,0.003773585
"103",103,330,"Goetz, Bieg, Ludtke, Pekrun, & Hall",2013,3,4,"2",2,59,-0.234189467,0.017857143
"104",104,330,"Goetz, Bieg, Ludtke, Pekrun, & Hall",2013,3,4,"2",2,52,-0.104377407,0.020408163
"105",105,330,"Goetz, Bieg, Ludtke, Pekrun, & Hall",2013,3,4,"2",2,52,-0.151140436,0.020408163
"106",106,335,"Imbo & Bandierendonck",2007,3,5,"2",2,60,-0.012000576,0.01754386
"107",107,335,"Imbo & Bandierendonck",2007,3,5,"2",2,60,-0.332761588,0.01754386
"108",108,337,"Catlioglu, Gurbuz, & Birgin",2014,4,5,"2",1,480,-0.45622195,0.002096436
"109",109,357,"Harpole",1995,1,3,"2",2,19,-0.59014516,0.0625
"110",110,357,"Harpole",1995,1,3,"2",2,28,-0.484700279,0.04
"111",111,363,"Hong and Karstensson",2002,1,5,"2",2,298,-0.459896681,0.003389831
"112",112,363,"Hong and Karstensson",2002,1,5,"2",2,298,-0.618381314,0.003389831
"113",113,369,"Bandalos, Yates, & Thorndike-Christ",1995,1,5,"2",2,338,-0.263964597,0.002985075
"114",114,369,"Bandalos, Yates, & Thorndike-Christ",1995,1,5,"2",2,338,-0.404743086,0.002985075
"115",115,370,"Lai, Zhu, Chen, & Li",2015,4,2,"2",2,217,-0.110446916,0.004672897
"116",116,370,"Lai, Zhu, Chen, & Li",2015,4,2,"2",2,217,-0.244774113,0.004672897
"117",117,377,"Rushing Jr.",1996,1,5,"2",2,140,-0.276863823,0.00729927
"118",118,377,"Rushing Jr.",1996,1,5,"2",2,140,-0.040021354,0.00729927
"119",119,396,"Schommer-Aikens, Unruh, & Morphew",2015,1,5,"2",2,94,-0.161386696,0.010989011
"120",120,396,"Schommer-Aikens, Unruh, & Morphew",2015,1,5,"2",2,94,-0.213171347,0.010989011
"121",121,423,"Hutt",2007,1,5,"2",2,100,-0.181982689,0.010309278
"122",122,423,"Hutt",2007,1,5,"2",2,154,0.010000333,0.006622517
"123",123,423,"Hutt",2007,1,5,"2",2,154,-0.010000333,0.006622517
"124",124,426,"Merritt",2011,1,3,"2",2,188,-0.223656109,0.005405405
"125",125,427,"Tsao",2004,1,5,"2",1,155,-0.450122871,0.006578947
"126",126,427,"Tsao",2004,1,5,"2",1,155,-0.490987692,0.006578947
"127",127,427,"Tsao",2004,1,5,"2",1,155,-0.50750636,0.006578947
"128",128,432,"Hunt, Clark-Carter, & Sheffield",2015,3,5,"2",2,78,0.080171325,0.013333333
"129",129,432,"Hunt, Clark-Carter, & Sheffield",2015,3,5,"2",2,78,0.010000333,0.013333333
"130",130,432,"Hunt, Clark-Carter, & Sheffield",2015,3,5,"2",2,78,-0.010000333,0.013333333
"131",131,432,"Hunt, Clark-Carter, & Sheffield",2015,3,5,"2",2,78,-0.020002667,0.013333333
"132",132,432,"Hunt, Clark-Carter, & Sheffield",2015,3,5,"2",2,78,-0.050041729,0.013333333
"133",133,432,"Hunt, Clark-Carter, & Sheffield",2015,3,5,"2",2,78,-0.050041729,0.013333333
"134",134,432,"Hunt, Clark-Carter, & Sheffield",2015,3,5,"2",2,78,-0.100335348,0.013333333
"135",135,432,"Hunt, Clark-Carter, & Sheffield",2015,3,5,"2",2,78,-0.120581028,0.013333333
"136",136,437,"Aoude",2013,4,5,"1",2,120,-0.161386696,0.008547009
"137",137,446,"Guven & Cabakcor",2013,4,3,"2",2,115,-0.360892579,0.008928571
"138",138,465,"Koponen & Lasonen",1994,3,4,"2",2,882,-0.365443754,0.001137656
"139",139,472,"Vukovic, Roberts, & Green Wright",2013,1,1,"2",2,78,-0.223656109,0.013333333
"140",140,472,"Vukovic, Roberts, & Green Wright",2013,1,1,"2",2,78,-0.320545409,0.013333333
"141",141,472,"Vukovic, Roberts, & Green Wright",2013,1,1,"2",2,78,-0.376885901,0.013333333
"142",142,480,"Wilder",2012,1,5,"2",2,267,-0.086212965,0.003787879
"143",143,480,"Wilder",2012,1,5,"2",2,267,-0.284429817,0.003787879
"144",144,480,"Wilder",2012,1,5,"2",2,157,-0.046032487,0.006493506
"145",145,480,"Wilder",2012,1,5,"2",2,157,-0.215264538,0.006493506
"146",146,487,"Devine, Fawcett, Szucs, & Dowker",2012,3,3,"2",2,268,-0.181982689,0.003773585
"147",147,487,"Devine, Fawcett, Szucs, & Dowker",2012,3,3,"2",2,165,-0.364304607,0.00617284
"148",148,501,"Frenzel, Pekrun, & Goetz",2007,3,3,"2",2,1036,-0.151140436,0.000968054
"149",149,501,"Frenzel, Pekrun, & Goetz",2007,3,3,"2",2,1017,-0.171666664,0.000986193
"150",150,528,"Lim & Chapman",2015,4,4,"2",2,521,-0.484700279,0.001930502
"151",151,528,"Lim & Chapman",2015,4,4,"2",2,521,-0.604155603,0.001930502
"152",152,528,"Lim & Chapman",2015,4,4,"2",2,497,-0.435611223,0.002024291
"153",153,528,"Lim & Chapman",2015,4,4,"2",2,497,-0.497311288,0.002024291
"154",154,530,"Bull",2009,1,5,"2",2,58,-0.225758808,0.018181818
"155",155,530,"Bull",2009,1,5,"2",2,58,-0.349576602,0.018181818
"156",156,552,"Luo, Lee, Ng, & Ong",2014,4,3,"2",2,273,-0.376885901,0.003703704
"157",157,563,"Bosmans & De Smedt",2015,3,2,"2",2,87,-0.447692024,0.011904762
"158",158,563,"Bosmans & De Smedt",2015,3,2,"2",2,87,-0.459896681,0.011904762
"159",159,571,"Maloney, Ramirez, Gunderson, Levine, & Beilock",2015,1,1,"2",2,438,-0.257547287,0.002298851
"160",160,571,"Maloney, Ramirez, Gunderson, Levine, & Beilock",2015,1,1,"2",2,438,-0.407091126,0.002298851
"161",161,583,"Agus, Penna, Pero- Cebollero, Guardia- Olmos, & Pessa",2016,3,5,"2",2,127,0.106399703,0.008064516
"162",162,583,"Agus, Penna, Pero- Cebollero, Guardia- Olmos, & Pessa",2016,3,5,"2",2,127,0.029008134,0.008064516
"163",163,583,"Agus, Penna, Pero- Cebollero, Guardia- Olmos, & Pessa",2016,3,5,"2",2,127,-0.023004057,0.008064516
"164",164,583,"Agus, Penna, Pero- Cebollero, Guardia- Olmos, & Pessa",2016,3,5,"2",2,173,0.02400461,0.005882353
"165",165,583,"Agus, Penna, Pero- Cebollero, Guardia- Olmos, & Pessa",2016,3,5,"2",2,173,-0.036015564,0.005882353
"166",166,583,"Agus, Penna, Pero- Cebollero, Guardia- Olmos, & Pessa",2016,3,5,"2",2,173,-0.044028428,0.005882353
"167",167,583,"Agus, Penna, Pero- Cebollero, Guardia- Olmos, & Pessa",2016,3,5,"2",2,376,-0.090244188,0.002680965
"168",168,583,"Agus, Penna, Pero- Cebollero, Guardia- Olmos, & Pessa",2016,3,5,"2",2,376,-0.126673217,0.002680965
"169",169,583,"Agus, Penna, Pero- Cebollero, Guardia- Olmos, & Pessa",2016,3,5,"2",2,376,-0.164467041,0.002680965
"170",170,588,"Wang, Lukowski, Hart, Lyons, Thompson, Kovas, Mazzocco, Plomin, & Petrill",2015,1,5,"2",2,219,-0.192337169,0.00462963
"171",171,588,"Wang, Lukowski, Hart, Lyons, Thompson, Kovas, Mazzocco, Plomin, & Petrill",2015,1,3,"2",2,511,-0.255412812,0.001968504
"172",172,588,"Wang, Lukowski, Hart, Lyons, Thompson, Kovas, Mazzocco, Plomin, & Petrill",2015,1,3,"2",2,509,-0.342828254,0.001976285
"173",173,588,"Wang, Lukowski, Hart, Lyons, Thompson, Kovas, Mazzocco, Plomin, & Petrill",2015,1,3,"2",2,506,-0.070114671,0.001988072
"174",174,588,"Wang, Lukowski, Hart, Lyons, Thompson, Kovas, Mazzocco, Plomin, & Petrill",2015,1,3,"2",2,505,-0.234189467,0.001992032
"175",175,588,"Wang, Lukowski, Hart, Lyons, Thompson, Kovas, Mazzocco, Plomin, & Petrill",2015,1,3,"2",2,504,-0.192337169,0.001996008
"176",176,588,"Wang, Lukowski, Hart, Lyons, Thompson, Kovas, Mazzocco, Plomin, & Petrill",2015,1,3,"2",2,493,-0.298566264,0.002040816
"177",177,613,"Thien & Ong",2015,4,4,"2",2,5546,-0.42364893,0.000180408
"178",178,613,"Thien & Ong",2015,4,4,"2",2,5197,-0.223656109,0.00019253
"179",179,626,"Justicia-Galiano, Pelegrina, Lechuga, Palma, Puga, & LedInez",2016,3,5,"2",2,187,-0.223656109,0.005434783
"180",180,626,"Justicia-Galiano, Pelegrina, Lechuga, Palma, Puga, & LedInez",2016,3,5,"2",2,187,-0.192337169,0.005434783
"181",181,628,"Krinzinger, Kaufmann, & Willmes",2009,3,1,"2",2,140,-0.160360592,0.00729927
"182",182,628,"Krinzinger, Kaufmann, & Willmes",2009,3,2,"2",2,140,-0.065091774,0.00729927
"183",183,628,"Krinzinger, Kaufmann, & Willmes",2009,3,1,"2",2,140,0.016001366,0.00729927
"184",184,628,"Krinzinger, Kaufmann, & Willmes",2009,3,1,"2",2,140,-0.039019791,0.00729927
"185",185,631,"Cipora, Szczygiel, Willmes, & Nuerk",2015,3,5,"2",2,809,-0.309519604,0.001240695
"186",186,631,"Cipora, Szczygiel, Willmes, & Nuerk",2015,3,5,"2",2,809,-0.266108407,0.001240695
"187",187,631,"Cipora, Szczygiel, Willmes, & Nuerk",2015,3,5,"2",2,809,-0.287682072,0.001240695
"188",188,631,"Cipora, Szczygiel, Willmes, & Nuerk",2015,3,5,"2",2,809,-0.376885901,0.001240695
"189",189,631,"Cipora, Szczygiel, Willmes, & Nuerk",2015,3,5,"2",2,798,-0.331647109,0.001257862
"190",190,631,"Cipora, Szczygiel, Willmes, & Nuerk",2015,3,5,"2",2,798,-0.365443754,0.001257862
"191",191,633,"Buelow & Frakey",2013,1,5,"2",2,172,-0.287682072,0.00591716
"192",192,636,"Wu, Amin, Barth, Malcarne & Menon",2012,1,1,"2",2,162,-0.501123153,0.006289308
"193",193,636,"Wu, Amin, Barth, Malcarne & Menon",2012,1,1,"2",2,162,-0.20690272,0.006289308
"194",194,636,"Wu, Amin, Barth, Malcarne & Menon",2012,1,1,"2",2,162,-0.298566264,0.006289308
"195",195,636,"Wu, Amin, Barth, Malcarne & Menon",2012,1,1,"2",2,162,-0.402399273,0.006289308
"196",196,641,"McMullan, Jones, & Lea",2012,3,5,"2",2,228,-0.411800034,0.004444444
"197",197,641,"McMullan, Jones, & Lea",2012,3,5,"2",2,228,-0.576339755,0.004444444
"198",198,644,"Ramirez, Gunderson, Levine, & Beilock",2013,1,1,"2",2,162,-0.138886172,0.006289308
"199",199,652,"Radisic, Videnovic, & Baucal",2015,3,4,"2",2,4405,-0.288767472,0.000227169
"200",200,652,"Radisic, Videnovic, & Baucal",2015,3,4,"2",2,4405,-0.317229857,0.000227169
"201",201,652,"Radisic, Videnovic, & Baucal",2015,3,4,"2",2,4405,-0.358622366,0.000227169
"202",202,662,"Farnsworth",2009,1,5,"2",2,93,-0.618381314,0.011111111
"203",203,662,"Farnsworth",2009,1,5,"2",2,93,-0.632833187,0.011111111
"204",204,681,"Morsanyi, Busdraghi, & Primi",2014,3,4,"2",2,184,-0.223656109,0.005524862
"205",205,681,"Morsanyi, Busdraghi, & Primi",2014,3,5,"2",2,328,-0.171666664,0.003076923
"206",206,690,"Wu, Wilcutt, Escovar, & Menon",2013,1,1,"2",2,366,-0.40005965,0.002754821
"207",207,702,"Satake & Amato",1995,4,3,"2",2,42,0.510070337,0.025641026
"208",208,702,"Satake & Amato",1995,4,3,"2",2,42,-0.030009005,0.025641026
"209",209,702,"Satake & Amato",1995,4,3,"2",2,42,-0.13073985,0.025641026
"210",210,702,"Satake & Amato",1995,4,3,"2",2,42,-0.411800034,0.025641026
"211",211,702,"Satake & Amato",1995,4,3,"2",2,40,0.354092529,0.027027027
"212",212,702,"Satake & Amato",1995,4,3,"2",2,40,-0.411800034,0.027027027
"213",213,702,"Satake & Amato",1995,4,3,"2",2,40,-0.459896681,0.027027027
"214",214,702,"Satake & Amato",1995,4,3,"2",2,40,-0.459896681,0.027027027
"215",215,702,"Satake & Amato",1995,4,2,"2",2,38,-0.151140436,0.028571429
"216",216,702,"Satake & Amato",1995,4,2,"2",2,38,-0.192337169,0.028571429
"217",217,702,"Satake & Amato",1995,4,2,"2",2,38,-0.376885901,0.028571429
"218",218,702,"Satake & Amato",1995,4,2,"2",2,38,-0.459896681,0.028571429
"219",219,702,"Satake & Amato",1995,4,2,"2",2,34,0.309519604,0.032258065
"220",220,702,"Satake & Amato",1995,4,2,"2",2,34,0.140925576,0.032258065
"221",221,702,"Satake & Amato",1995,4,2,"2",2,34,0,0.032258065
"222",222,702,"Satake & Amato",1995,4,2,"2",2,34,-0.411800034,0.032258065
"223",223,708,"Coates",1998,1,5,"2",2,246,-0.289853534,0.004115226
"224",224,714,"Melius",2012,1,6,"2",1,84,-0.275785504,0.012345679
"225",225,733,"Faust, Ashcraft, & Fleck",1996,1,5,"2",2,108,0.070114671,0.00952381
"226",226,733,"Faust, Ashcraft, & Fleck",1996,1,5,"2",2,108,0.012000576,0.00952381
"227",227,733,"Faust, Ashcraft, & Fleck",1996,1,5,"2",2,108,0.012000576,0.00952381
"228",228,733,"Faust, Ashcraft, & Fleck",1996,1,5,"2",2,108,-0.002000003,0.00952381
"229",229,733,"Faust, Ashcraft, & Fleck",1996,1,5,"2",2,108,-0.030009005,0.00952381
"230",230,733,"Faust, Ashcraft, & Fleck",1996,1,5,"2",2,108,-0.151140436,0.00952381
"231",231,733,"Faust, Ashcraft, & Fleck",1996,1,5,"2",2,108,-0.202732554,0.00952381
"232",232,738,"Rayner, Pitsolantis, & Osana",2009,1,5,"2",1,32,-0.522984278,0.034482759
"233",233,738,"Rayner, Pitsolantis, & Osana",2009,1,5,"2",1,32,-0.181982689,0.034482759
"234",234,738,"Rayner, Pitsolantis, & Osana",2009,1,5,"2",1,32,-0.331647109,0.034482759
"235",235,738,"Rayner, Pitsolantis, & Osana",2009,1,5,"2",1,32,-0.536060337,0.034482759
"236",236,743,"Harari, Vukovic, & Bailey",2013,1,1,"2",2,106,-0.151140436,0.009708738
"237",237,743,"Harari, Vukovic, & Bailey",2013,1,1,"2",2,106,-0.287682072,0.009708738
"238",238,743,"Harari, Vukovic, & Bailey",2013,1,1,"2",2,106,-0.309519604,0.009708738
"239",239,743,"Harari, Vukovic, & Bailey",2013,1,1,"2",2,106,-0.365443754,0.009708738
"240",240,745,"Vukovic, Kieffer, Bailey, & Harari",2013,1,2,"2",2,113,-0.287682072,0.009090909
"241",241,745,"Vukovic, Kieffer, Bailey, & Harari",2013,1,2,"2",2,113,-0.331647109,0.009090909
"242",242,745,"Vukovic, Kieffer, Bailey, & Harari",2013,1,1,"2",2,113,-0.120581028,0.009090909
"243",243,745,"Vukovic, Kieffer, Bailey, & Harari",2013,1,1,"2",2,113,-0.223656109,0.009090909
"244",244,745,"Vukovic, Kieffer, Bailey, & Harari",2013,1,1,"2",2,113,-0.331647109,0.009090909
"245",245,745,"Vukovic, Kieffer, Bailey, & Harari",2013,1,1,"2",2,113,-0.376885901,0.009090909
"246",246,745,"Vukovic, Kieffer, Bailey, & Harari",2013,1,2,"2",2,113,-0.110446916,0.009090909
"247",247,751,"Karimi & Venkatesan",2009,4,4,"2",2,424,-0.536060337,0.002375297
"248",248,751,"Karimi & Venkatesan",2009,4,4,"2",2,424,-0.618381314,0.002375297
"249",249,754,"Lawson",1993,1,5,"1",2,112,-0.161386696,0.009174312
"250",250,754,"Lawson",1993,1,5,"1",2,112,-0.171666664,0.009174312
"251",251,757,"Bisse",1995,1,5,"2",2,15,-0.066096083,0.083333333
"252",252,757,"Bisse",1995,1,5,"2",2,15,0.014000915,0.083333333
"253",253,757,"Bisse",1995,1,5,"2",2,15,-0.088228219,0.083333333
"254",254,757,"Bisse",1995,1,5,"2",2,15,-0.173726908,0.083333333
"255",255,774,"Bisse",1995,1,5,"2",2,350,-0.562729769,0.002881844
"256",256,785,"Hill, Mammarella,Devine, Caviola, Passolunghi, & Szucs",2016,3,3,"2",2,148,-0.354092529,0.006896552
"257",257,785,"Hill, Mammarella,Devine, Caviola, Passolunghi, & Szucs",2016,3,3,"2",2,194,-0.287682072,0.005235602
"258",258,785,"Hill, Mammarella,Devine, Caviola, Passolunghi, & Szucs",2016,3,2,"2",2,317,-0.070114671,0.003184713
"259",259,785,"Hill, Mammarella,Devine, Caviola, Passolunghi, & Szucs",2016,3,2,"2",2,322,-0.13073985,0.003134796
"260",260,793,"Prieto & Delgado",2007,3,3,"2",2,411,-0.244774113,0.00245098
"261",261,793,"Prieto & Delgado",2007,3,4,"2",2,216,-0.298566264,0.004694836
"262",262,799,"Chiesi, Primi, & Carmona",2011,3,5,"2",2,410,-0.192337169,0.002457002
"263",263,803,"Casey, Nuttall, & Pezaris",1997,1,4,"2",2,94,-0.100335348,0.010989011
"264",264,803,"Casey, Nuttall, & Pezaris",1997,1,4,"2",2,94,-0.202732554,0.010989011
"265",265,811,"Scott",2003,1,5,"2",2,91,0,0.011363636
"266",266,811,"Scott",2003,1,5,"2",2,91,-0.010000333,0.011363636
"267",267,811,"Scott",2003,1,5,"2",2,91,-0.223656109,0.011363636
"268",268,812,"Nasser & Birenbaum",2005,4,3,"2",2,283,-0.3884231,0.003571429
"269",269,812,"Nasser & Birenbaum",2005,4,3,"2",2,195,-0.171666664,0.005208333
"270",270,821,"Helming",2013,1,5,"2",2,323,-0.162413138,0.003125
"271",271,821,"Helming",2013,1,5,"2",2,323,-0.180949396,0.003125
"272",272,821,"Helming",2013,1,5,"2",2,323,-0.30512976,0.003125
"273",273,821,"Helming",2013,1,5,"2",2,213,-0.122610746,0.004761905
"274",274,821,"Helming",2013,1,5,"2",2,213,-0.207946366,0.004761905
"275",275,821,"Helming",2013,1,5,"2",2,213,-0.229970121,0.004761905
"276",276,821,"Helming",2013,1,5,"1",2,138,-0.038018307,0.007407407
"277",277,821,"Helming",2013,1,5,"1",2,138,-0.042024722,0.007407407
"278",278,821,"Helming",2013,1,5,"1",2,138,-0.113484684,0.007407407
"279",279,823,"Ironsmith, Marva, Harju, & Eppler",2003,1,5,"2",2,105,-0.418896043,0.009803922
"280",280,823,"Ironsmith, Marva, Harju, & Eppler",2003,1,5,"2",2,117,-0.450122871,0.00877193
"281",281,823,"Ironsmith, Marva, Harju, & Eppler",2003,1,5,"2",2,102,-0.210035,0.01010101
"282",282,823,"Ironsmith, Marva, Harju, & Eppler",2003,1,5,"2",2,101,-0.165494508,0.010204082
"283",283,825,"Park",2014,1,1,"2",2,229,-0.219456521,0.004424779
"284",284,825,"Park",2014,1,1,"2",2,229,-0.211079993,0.004424779
"285",285,825,"Park",2014,1,1,"2",2,229,-0.451340166,0.004424779
"286",286,825,"Park",2014,1,1,"2",2,229,-0.485954906,0.004424779
"287",287,825,"Park",2014,1,1,"2",2,193,-0.415343091,0.005263158
"288",288,825,"Park",2014,1,1,"2",2,193,-0.417710618,0.005263158
"289",289,825,"Park",2014,1,1,"2",2,193,-0.438017735,0.005263158
"290",290,825,"Park",2014,1,1,"2",2,193,-0.496043635,0.005263158
"291",291,829,"Lukowski, DiTrapani, Jeon, Wang, Schenker, Doran, & Petrill",2016,1,3,"2",2,244,-0.070114671,0.004149378
"292",292,829,"Lukowski, DiTrapani, Jeon, Wang, Schenker, Doran, & Petrill",2016,1,3,"2",2,244,-0.090244188,0.004149378
"293",293,829,"Lukowski, DiTrapani, Jeon, Wang, Schenker, Doran, & Petrill",2016,1,3,"2",2,244,-0.161386696,0.004149378
"294",294,829,"Lukowski, DiTrapani, Jeon, Wang, Schenker, Doran, & Petrill",2016,1,3,"2",2,244,-0.213171347,0.004149378
"295",295,829,"Lukowski, DiTrapani, Jeon, Wang, Schenker, Doran, & Petrill",2016,1,3,"2",2,244,-0.266108407,0.004149378
"296",296,829,"Lukowski, DiTrapani, Jeon, Wang, Schenker, Doran, & Petrill",2016,1,3,"2",2,244,-0.298566264,0.004149378
"297",297,843,"Cortina",1995,1,5,"2",2,165,-0.171666664,0.00617284
"298",298,843,"Cortina",1995,1,5,"2",2,165,-0.213171347,0.00617284
"299",299,843,"Cortina",1995,1,5,"2",2,165,-0.223656109,0.00617284
"300",300,845,"Ramirez, Chang, Levine, & Beilock",2016,1,1,"2",2,564,-0.288767472,0.001782531
"301",301,858,"Casad, Hale, & Wachs",2015,1,3,"2",2,713,-0.405916575,0.001408451
"302",302,858,"Casad, Hale, & Wachs",2015,1,3,"2",2,683,-0.389582211,0.001470588
"303",303,858,"Casad, Hale, & Wachs",2015,1,3,"2",2,629,-0.390742321,0.001597444
"304",304,862,"Bangert",1995,1,5,"2",2,34,-0.510070337,0.032258065
"305",305,876,"Parks",2009,1,3,"2",2,15,0.302939119,0.083333333
"306",306,876,"Parks",2009,1,3,"2",2,15,0.096296554,0.083333333
"307",307,876,"Parks",2009,1,3,"2",1,15,-0.013000732,0.083333333
"308",308,876,"Parks",2009,1,3,"2",1,15,-0.037016898,0.083333333
"309",309,876,"Parks",2009,1,3,"2",2,15,-0.102355961,0.083333333
"310",310,876,"Parks",2009,1,3,"2",2,15,-0.275785504,0.083333333
"311",311,876,"Parks",2009,1,3,"2",1,15,-0.299658432,0.083333333
"312",312,876,"Parks",2009,1,3,"2",2,15,-0.362029024,0.083333333
"313",313,876,"Parks",2009,1,3,"2",2,15,-0.380336888,0.083333333
"314",314,876,"Parks",2009,1,3,"2",1,15,-0.403570654,0.083333333
"315",315,876,"Parks",2009,1,3,"2",2,15,-0.653468041,0.083333333
"316",316,876,"Parks",2009,1,3,"2",2,14,-0.218407819,0.090909091
"317",317,878,"Morony, Kleiman, Lee, & Stankov",2013,-999,4,"2",2,7167,-0.276863823,0.000139587
"318",318,882,"Lester",2007,1,5,"2",2,71,-0.161386696,0.014705882
"319",319,883,"Gorvine & Smith",2015,1,5,"2",2,173,-0.194412895,0.005882353
"320",320,886,"Lester",2016,1,5,"2",2,93,0.020002667,0.011111111
"321",321,886,"Lester",2016,1,5,"2",2,93,0.010000333,0.011111111
"322",322,886,"Lester",2016,1,5,"2",2,93,0.010000333,0.011111111
"323",323,889,"Thompson, Wylie, Mulhern, & Hanna",2015,3,5,"2",2,118,-0.59014516,0.008695652
"324",324,889,"Thompson, Wylie, Mulhern, & Hanna",2015,3,5,"2",2,131,-0.59014516,0.0078125
"325",325,889,"Thompson, Wylie, Mulhern, & Hanna",2015,3,5,"2",2,76,-0.497311288,0.01369863
"326",326,890,"Pletzer, Wood, Moeller, Nuerk & Kerschbaum",2010,3,5,"2",2,67,-0.151140436,0.015625
"327",327,890,"Pletzer, Wood, Moeller, Nuerk & Kerschbaum",2010,3,5,"2",2,67,0.309519604,0.015625
"328",328,890,"Pletzer, Wood, Moeller, Nuerk & Kerschbaum",2010,3,5,"2",2,45,-0.234189467,0.023809524
"329",329,890,"Pletzer, Wood, Moeller, Nuerk & Kerschbaum",2010,3,5,"2",2,45,-0.13073985,0.023809524
"330",330,892,"Hadfield, Littleton, Steiner, & Woods",1998,-999,5,"2",1,48,-0.472230804,0.022222222
"331",331,901,"Kyttala & Bjorn",2010,3,3,"2",2,116,-0.192337169,0.008849558
"332",332,901,"Kyttala & Bjorn",2010,3,3,"2",2,116,-0.234189467,0.008849558
"333",333,931,"Jamieson, Peters, Greenwood & Altose",2016,1,5,"2",2,93,-0.40005965,0.011111111
"334",334,931,"Jamieson, Peters, Greenwood & Altose",2016,1,5,"2",2,93,-0.358622366,0.011111111
"335",335,954,"Watts",2011,1,5,"2",2,66,-0.12464147,0.015873016
"336",336,954,"Watts",2011,1,5,"2",2,41,-0.347323778,0.026315789
"337",337,973,"Donelle",2007,1,6,"2",2,140,-0.110446916,0.00729927
"338",338,973,"Donelle",2007,1,6,"2",2,140,-0.275785504,0.00729927
"339",339,973,"Donelle",2007,1,6,"2",2,140,-0.398891398,0.00729927
"340",340,975,"Pajares & Kranzler",1995,1,4,"2",2,329,-0.497311288,0.003067485
"341",341,979,"Lloyd & Robertson",2012,1,5,"2",2,29,-0.200650085,0.038461538
"342",342,985,"Townsend, Moore, Tuck, & Wilton",1998,6,5,"2",2,88,-0.060072156,0.011764706
"343",343,985,"Townsend, Moore, Tuck, & Wilton",1998,6,5,"2",2,88,-0.080171325,0.011764706
"344",344,988,"Luo, Hogan, Tan, Kaur, Ng, & Chan",2014,4,4,"2",2,1196,-0.080171325,0.000838223
"345",345,988,"Luo, Hogan, Tan, Kaur, Ng, & Chan",2014,4,4,"2",2,1196,-0.298566264,0.000838223
"346",346,991,"Pajares",1996,1,3,"2",2,231,-0.677666068,0.004385965
"347",347,991,"Pajares",1996,1,3,"2",2,231,-0.447692024,0.004385965
"348",348,991,"Pajares",1996,1,3,"2",2,66,-0.42364893,0.015873016
"349",349,991,"Pajares",1996,1,3,"2",2,66,-0.604155603,0.015873016
"350",350,992,"Finney & Schraw",2003,1,5,"2",2,103,-0.27794277,0.01
"351",351,992,"Finney & Schraw",2003,1,5,"2",2,103,-0.508787577,0.01
"352",352,994,"Pajares & Graham",1999,1,3,"2",2,273,-0.331647109,0.003703704
"353",353,994,"Pajares & Graham",1999,1,3,"2",2,273,-0.365443754,0.003703704
"354",354,994,"Pajares & Graham",1999,1,3,"2",2,273,-0.42364893,0.003703704
"355",355,994,"Pajares & Graham",1999,1,3,"2",2,273,-0.435611223,0.003703704
"356",356,995,"Skaalvik",2002,3,3,"2",2,295,-0.276863823,0.003424658
"357",357,996,"Vidovic",1999,3,3,"2",2,175,-0.40005965,0.005813953
"358",358,999,"Otts",2010,1,5,"2",2,117,-0.221555354,0.00877193
"359",359,1004,"Ganley & Vasilyeva",2011,1,3,"2",2,67,-0.393065551,0.015625
"360",360,1004,"Ganley & Vasilyeva",2011,1,3,"2",2,47,-0.432010329,0.022727273
"361",361,1004,"Ganley & Vasilyeva",2011,1,3,"2",2,47,-0.398891398,0.022727273
"362",362,1004,"Ganley & Vasilyeva",2011,1,3,"2",2,67,-0.524284466,0.015625
"363",363,1041,"Macher, Paechter, Papousek, Ruggeri, Freudenthaler, & Arendasy",2013,3,5,"2",2,284,-0.040021354,0.003558719
"364",364,1044,"Macher, Paechter, Papousek, & Ruggeri",2011,3,5,"2",2,147,-0.214217711,0.006944444
"365",365,1050,"Lalonde & Gardner",1993,1,5,"2",2,91,-0.181982689,0.011363636
"366",366,1050,"Lalonde & Gardner",1993,1,5,"2",2,64,-0.42364893,0.016393443
"367",367,1050,"Lalonde & Gardner",1993,1,5,"2",2,64,-0.42364893,0.016393443
"368",368,1050,"Lalonde & Gardner",1993,1,5,"2",2,64,-0.140925576,0.016393443
"369",369,1050,"Lalonde & Gardner",1993,1,5,"2",2,64,-0.161386696,0.016393443
"370",370,1050,"Lalonde & Gardner",1993,1,5,"2",2,64,-0.42364893,0.016393443
"371",371,1050,"Lalonde & Gardner",1993,1,5,"2",2,64,-0.522984278,0.016393443
"372",372,1050,"Lalonde & Gardner",1993,1,5,"2",2,91,-0.536060337,0.011363636
"373",373,1050,"Lalonde & Gardner",1993,1,5,"2",2,64,-0.484700279,0.016393443
"374",374,1061,"Nasser",2004,4,5,"2",1,162,-0.110446916,0.006289308
"375",375,1061,"Nasser",2004,4,5,"2",1,162,0.090244188,0.006289308
"376",376,1061,"Nasser",2004,4,5,"2",1,162,0.060072156,0.006289308
"377",377,1061,"Nasser",2004,4,5,"2",1,162,0.040021354,0.006289308
"378",378,1061,"Nasser",2004,4,5,"2",1,162,-0.070114671,0.006289308
"379",379,1061,"Nasser",2004,4,5,"2",1,162,-0.080171325,0.006289308
"380",380,1061,"Nasser",2004,4,5,"2",1,162,-0.100335348,0.006289308
"381",381,1061,"Nasser",2004,4,5,"2",1,162,-0.120581028,0.006289308
"382",382,1061,"Nasser",2004,4,5,"2",1,162,-0.309519604,0.006289308
"383",383,1061,"Nasser",2004,4,5,"2",1,162,0.161386696,0.006289308
"384",384,1061,"Nasser",2004,4,5,"2",1,162,-0.202732554,0.006289308
"385",385,1061,"Nasser",2004,4,5,"2",1,162,-0.255412812,0.006289308
"386",386,1061,"Nasser",2004,4,5,"2",1,162,-0.287682072,0.006289308
"387",387,1061,"Nasser",2004,4,5,"2",1,162,-0.354092529,0.006289308
"388",388,1061,"Nasser",2004,4,5,"2",1,162,-0.161386696,0.006289308
"389",389,1061,"Nasser",2004,4,5,"2",1,162,-0.13073985,0.006289308
"390",390,1061,"Nasser",2004,4,5,"2",1,162,-0.140925576,0.006289308
"391",391,1068,"Federici & Skaalvik",2014,3,4,"2",2,309,-0.31171886,0.003267974
"392",392,1094,"Tubbs",2014,1,3,"2",2,19,-0.003000009,0.0625
"393",393,1094,"Tubbs",2014,1,3,"2",2,19,-0.33834603,0.0625
"394",394,1102,"Catapano",2013,1,4,"2",2,84,-0.20690272,0.012345679
"395",395,1105,"Schnell, Tibubos, Rohrmann, & Hodapp",2013,3,3,"2",2,79,-0.060072156,0.013157895
"396",396,1132,"Ramirez",2013,1,6,"2",2,60,-0.646042831,0.01754386
"397",397,1143,"Ganley & McGraw",2016,1,1,"2",2,281,-0.140925576,0.003597122
"398",398,1143,"Ganley & McGraw",2016,1,1,"2",2,281,-0.060072156,0.003597122
"399",399,1143,"Ganley & McGraw",2016,1,1,"2",2,281,-0.080171325,0.003597122
"400",400,1143,"Ganley & McGraw",2016,1,1,"2",2,281,-0.192337169,0.003597122
"401",401,1143,"Ganley & McGraw",2016,1,1,"2",2,281,-0.13073985,0.003597122
"402",402,1143,"Ganley & McGraw",2016,1,1,"2",2,281,-0.202732554,0.003597122
"403",403,1146,"Jameson",2013,1,2,"2",2,438,-0.192337169,0.002298851
"404",404,1149,"Imbo & Vandierendonck",2007,3,2,"2",2,63,-0.192337169,0.016666667
"405",405,1158,"Harding",2015,1,5,"2",2,58,-0.238417017,0.018181818
"406",406,1158,"Harding",2015,1,5,"2",2,58,-0.318334288,0.018181818
"407",407,1158,"Harding",2015,1,5,"2",2,57,-0.183016366,0.018518519
"408",408,1158,"Harding",2015,1,5,"2",2,57,-0.309519604,0.018518519
"409",409,1158,"Harding",2015,1,5,"2",2,55,-0.354092529,0.019230769
"410",410,1161,"Fannin-Carroll",2014,1,5,"2",2,185,0.005000042,0.005494505
"411",411,1165,"Hanna & Dempster",2009,3,5,"2",2,52,-0.601336629,0.020408163
"412",412,1165,"Hanna & Dempster",2009,3,5,"2",2,52,-0.439222781,0.020408163
"413",413,1165,"Hanna & Dempster",2009,3,5,"2",2,52,-0.583217443,0.020408163
"414",414,1167,"Kimber",2009,1,5,"2",1,304,-0.237359351,0.003322259
"415",415,1167,"Kimber",2009,1,5,"2",2,29,-0.312819583,0.038461538
"416",416,1168,"Schoeck",1994,1,4,"2",2,80,0.040021354,0.012987013
"417",417,1190,"Scott",2014,1,3,"2",2,50,0.053049709,0.021276596
"418",418,1190,"Scott",2014,1,3,"2",2,50,-0.031009936,0.021276596
"419",419,1191,"Zakaria & Nordin",2007,4,5,"2",2,88,-0.331647109,0.011764706
"420",420,1233,"Jansen, Louwerse, Straatemeier, Van der Ven, Klinkenberg, & Van der Maas",2013,3,2,"2",2,56,-0.183016366,0.018867925
"421",421,1233,"Jansen, Louwerse, Straatemeier, Van der Ven, Klinkenberg, & Van der Maas",2013,3,2,"2",2,56,-0.245835504,0.018867925
"422",422,1233,"Jansen, Louwerse, Straatemeier, Van der Ven, Klinkenberg, & Van der Maas",2013,3,2,"2",2,56,-0.196490276,0.018867925
"423",423,1233,"Jansen, Louwerse, Straatemeier, Van der Ven, Klinkenberg, & Van der Maas",2013,3,2,"2",2,56,-0.254346429,0.018867925
"424",424,1241,"Seng",2015,4,4,"2",2,140,0.458670484,0.00729927
"425",425,1248,"Iossi",2009,1,5,"2",2,172,-0.258615385,0.00591716
"426",426,1248,"Iossi",2009,1,5,"2",2,260,-0.205859519,0.003891051
"427",427,1248,"Iossi",2009,1,5,"2",2,181,-0.179916485,0.005617978
"428",428,1248,"Iossi",2009,1,5,"2",2,117,-0.096296554,0.00877193
"429",429,1250,"Suinn & Winston",2003,1,5,"2",2,124,-0.320545409,0.008264463
"430",430,1250,"Suinn & Winston",2003,1,5,"2",2,124,-0.435611223,0.008264463
"431",431,1250,"Suinn & Winston",2003,1,5,"2",2,124,-0.354092529,0.008264463
"432",432,1250,"Suinn & Winston",2003,1,5,"2",2,124,-0.497311288,0.008264463
"433",433,1260,"Roberts & Vukovic",2011,1,1,"2",2,78,-0.223656109,0.013333333
"434",434,1260,"Roberts & Vukovic",2011,1,1,"2",2,78,-0.320545409,0.013333333
"435",435,1269,"Maree, Fletcher, & Erasmus",2013,5,4,"2",2,222,-0.44526613,0.00456621
"436",436,1269,"Maree, Fletcher, & Erasmus",2013,5,4,"2",2,213,-0.192337169,0.004761905
"437",437,1272,"Ayotola & Adedeji",2009,5,4,"2",2,1099,-0.323867791,0.000912409
"438",438,1277,"Siebers",2015,1,3,"2",2,381,-0.412979962,0.002645503
"439",439,1278,"Hafner",2008,1,3,"2",2,123,-0.213171347,0.008333333
"440",440,1279,"Stiegelmeyer",2012,1,5,"2",1,166,-0.302939119,0.006134969
"441",441,1285,"Piearcy",1997,1,5,"2",2,67,-0.159334822,0.015625
"442",442,1290,"Owens",1994,1,5,"2",2,91,-0.090244188,0.011363636
"443",443,1296,"Jenben, Dunekacke, Eid, & Blomeke",2015,3,5,"2",1,354,-0.244774113,0.002849003
"444",444,1296,"Jenben, Dunekacke, Eid, & Blomeke",2015,3,5,"2",1,354,-0.276863823,0.002849003
"445",445,1296,"Jenben, Dunekacke, Eid, & Blomeke",2015,3,5,"2",1,354,-0.309519604,0.002849003
"446",446,1296,"Jenben, Dunekacke, Eid, & Blomeke",2015,3,5,"2",1,354,-0.309519604,0.002849003
"447",447,1296,"Jenben, Dunekacke, Eid, & Blomeke",2015,3,5,"2",1,354,-0.331647109,0.002849003
"448",448,1296,"Jenben, Dunekacke, Eid, & Blomeke",2015,3,5,"2",1,354,-0.354092529,0.002849003
"449",449,1296,"Jenben, Dunekacke, Eid, & Blomeke",2015,3,5,"2",1,354,-0.376885901,0.002849003
"450",450,1296,"Jenben, Dunekacke, Eid, & Blomeke",2015,3,5,"2",1,354,-0.40005965,0.002849003
"451",451,1303,"Kim & McLean",1994,4,5,"2",2,208,-0.151140436,0.004878049
"452",452,1303,"Kim & McLean",1994,4,5,"2",2,208,-0.192337169,0.004878049
"453",453,1305,"Gan, Lim, & Haw",2016,4,5,"2",2,35,-0.243713262,0.03125
"454",454,1305,"Gan, Lim, & Haw",2016,4,5,"2",2,35,-0.288767472,0.03125
"455",455,1309,"Solazzo",2008,1,2,"2",2,131,-0.298566264,0.0078125
"456",456,1309,"Solazzo",2008,1,2,"2",2,131,-0.365443754,0.0078125
"457",457,1309,"Solazzo",2008,1,2,"2",2,131,-0.3884231,0.0078125
"458",458,1311,"Kyttala & Bjorn",2014,3,3,"2",2,42,-0.13073985,0.025641026
"459",459,1311,"Kyttala & Bjorn",2014,3,3,"2",2,42,-0.192337169,0.025641026
"460",460,1311,"Kyttala & Bjorn",2014,3,3,"2",2,32,-0.080171325,0.034482759
"461",461,1311,"Kyttala & Bjorn",2014,3,3,"2",2,32,-0.376885901,0.034482759
"462",462,1313,"Khabiri",1993,1,4,"2",2,216,-0.140925576,0.004694836
"463",463,1313,"Khabiri",1993,1,4,"2",2,216,-0.140925576,0.004694836
"464",464,1313,"Khabiri",1993,1,4,"2",2,216,-0.223656109,0.004694836
"465",465,1313,"Khabiri",1993,1,4,"2",2,216,-0.234189467,0.004694836
"466",466,1313,"Khabiri",1993,1,4,"2",2,216,-0.298566264,0.004694836
"467",467,1313,"Khabiri",1993,1,4,"2",2,216,-0.298566264,0.004694836
"468",468,1315,"Necka, Sokolowski, & Lyons",2015,1,5,"2",2,181,-0.376885901,0.005617978
"469",469,1335,"Steiner & Ashcraft",2012,1,5,"2",2,184,-0.320545409,0.005524862
"470",470,1335,"Steiner & Ashcraft",2012,1,5,"2",2,153,-0.365443754,0.006666667
"471",471,1335,"Steiner & Ashcraft",2012,1,5,"2",2,184,-0.342828254,0.005524862
"472",472,1335,"Steiner & Ashcraft",2012,1,5,"2",2,177,-0.276863823,0.005747126
"473",473,1335,"Steiner & Ashcraft",2012,1,5,"2",2,153,-0.354092529,0.006666667
"474",474,1338,"Cheema & Sheridan",2015,1,4,"2",2,4978,-0.411800034,0.000201005
"475",475,1351,"Dutko",2015,1,2,"2",2,174,-0.152163611,0.005847953
"476",476,1351,"Dutko",2015,1,2,"2",2,174,-0.196490276,0.005847953
"477",477,1351,"Dutko",2015,1,2,"2",2,174,-0.329420529,0.005847953
"478",478,1351,"Dutko",2015,1,2,"2",2,174,-0.370009475,0.005847953
"479",479,1354,"Lee",2009,3,4,"2",2,4597,-0.342828254,0.000217675
"480",480,1354,"Lee",2009,2,4,"2",2,4452,-0.342828254,0.00022477
"481",481,1354,"Lee",2009,4,4,"2",2,4478,-0.309519604,0.000223464
"482",482,1354,"Lee",2009,4,4,"2",2,1250,-0.320545409,0.000801925
"483",483,1354,"Lee",2009,3,4,"2",2,6320,-0.472230804,0.000158303
"484",484,1354,"Lee",2009,3,4,"2",2,4218,-0.562729769,0.000237248
"485",485,1354,"Lee",2009,3,4,"2",2,5796,-0.484700279,0.000172622
"486",486,1354,"Lee",2009,3,4,"2",2,4300,-0.276863823,0.000232721
"487",487,1354,"Lee",2009,3,4,"2",2,4627,-0.376885901,0.000216263
"488",488,1354,"Lee",2009,3,4,"2",2,4765,-0.354092529,0.000209996
"489",489,1354,"Lee",2009,3,4,"2",2,3350,-0.435611223,0.000298775
"490",490,1354,"Lee",2009,4,4,"2",2,10761,-0.120581028,9.2954e-05
"491",491,1354,"Lee",2009,3,4,"2",2,3886,-0.40005965,0.000257533
"492",492,1354,"Lee",2009,4,4,"2",2,4707,-0.161386696,0.000212585
"493",493,1354,"Lee",2009,4,4,"2",2,5444,-0.255412812,0.00018379
"494",494,1354,"Lee",2009,3,4,"2",2,4627,-0.472230804,0.000216263
"495",495,1354,"Lee",2009,3,4,"2",2,3923,-0.342828254,0.000255102
"496",496,1354,"Lee",2009,1,4,"2",2,29983,-0.331647109,3.3356e-05
"497",497,1354,"Lee",2009,3,4,"2",2,3992,-0.266108407,0.000250689
"498",498,1354,"Lee",2009,6,4,"2",2,4511,-0.484700279,0.000221828
"499",499,1354,"Lee",2009,3,4,"2",2,4064,-0.549306144,0.000246245
"500",500,1354,"Lee",2009,3,4,"2",2,4385,-0.536060337,0.000228206
"501",501,1354,"Lee",2009,3,4,"2",2,4608,-0.3884231,0.000217155
"502",502,1354,"Lee",2009,4,4,"2",2,5974,-0.411800034,0.000167476
"503",503,1354,"Lee",2009,3,4,"2",2,7346,-0.459896681,0.000136184
"504",504,1354,"Lee",2009,3,4,"2",2,10791,-0.320545409,9.2696e-05
"505",505,1354,"Lee",2009,3,4,"2",2,4264,-0.484700279,0.000234687
"506",506,1354,"Lee",2009,4,4,"2",2,5236,-0.151140436,0.000191095
"507",507,1354,"Lee",2009,5,4,"2",2,4721,-0.192337169,0.000211954
"508",508,1354,"Lee",2009,4,4,"2",2,4855,-0.342828254,0.000206101
"509",509,1354,"Lee",2009,3,4,"2",2,9535,-0.342828254,0.00010491
"510",510,1354,"Lee",2009,2,4,"2",2,5835,-0.365443754,0.000171468
"511",511,1354,"Lee",2009,3,4,"2",2,4405,-0.354092529,0.000227169
"512",512,1354,"Lee",2009,6,4,"2",2,12551,-0.3884231,7.9694e-05
"513",513,1354,"Lee",2009,3,4,"2",2,11639,-0.365443754,8.594e-05
"514",514,1354,"Lee",2009,3,4,"2",2,4660,-0.354092529,0.000214731
"515",515,1354,"Lee",2009,1,4,"2",2,27953,-0.447692024,3.5778e-05
"516",516,1354,"Lee",2009,1,4,"2",2,5456,-0.42364893,0.000183385
"517",517,1354,"Lee",2009,1,4,"2",2,332,-0.320545409,0.003039514
"518",518,1386,"Wang, Hart, Kovas, Lukowski, Soden, Thompson, Plomin, McLoughlin, Bartlett, Lyons, & Petrill",2014,1,3,"2",2,506,-0.171666664,0.001988072
"519",519,1388,"Birenbaum & Eylath",1994,4,5,"2",1,151,-0.266108407,0.006756757
"520",520,1388,"Birenbaum & Eylath",1994,4,5,"2",1,151,-0.40005965,0.006756757
"521",521,1388,"Birenbaum et al",1994,4,5,"2",1,151,-0.110446916,0.006756757
"522",522,1388,"Birenbaum et al",1994,4,5,"2",1,151,-0.411800034,0.006756757
"523",523,1388,"Birenbaum et al",1994,4,5,"2",1,151,-0.255412812,0.006756757
"524",524,1388,"Birenbaum & Eylath",1994,4,5,"2",1,151,-0.647522845,0.006756757
"525",525,1399,"Trezise & Reeve",2014,6,4,"2",2,76,-0.537377149,0.01369863
"526",526,1399,"Trezise & Reeve",2014,6,4,"2",2,76,-0.646042831,0.01369863
"527",527,1399,"Trezise & Reeve",2014,6,4,"2",2,76,-0.68382435,0.01369863
"528",528,1399,"Trezise & Reeve",2014,6,4,"2",2,65,-0.682280562,0.016129032
"529",529,1412,"Barner et al.",2015,4,1,"2",2,98,-0.277619019,0.010526316
"530",530,1412,"Barner et al.",2015,4,1,"2",2,98,-0.328308421,0.010526316
"531",531,1412,"Barner et al.",2015,4,1,"2",2,98,-0.42364893,0.010526316
"532",532,1412,"Barner et al.",2015,4,1,"2",2,98,-0.436813884,0.010526316
"533",533,1413,"Barner et al.",2016,1,1,"2",2,44,-0.168578995,0.024390244
"534",534,1413,"Barner et al.",2016,1,1,"2",2,44,-0.184050431,0.024390244
"535",535,1413,"Barner et al.",2016,1,1,"2",2,44,-0.220505698,0.024390244
"536",536,1413,"Barner et al.",2016,1,1,"2",2,44,-0.225758808,0.024390244
"537",537,1413,"Barner et al.",2016,1,1,"2",2,44,-0.320545409,0.024390244
"538",538,1413,"Barner et al.",2016,1,1,"2",2,44,-0.457445576,0.024390244
"539",539,1413,"Barner et al.",2016,1,1,"2",2,26,-0.111459277,0.043478261
"540",540,1413,"Barner et al.",2016,1,1,"2",2,26,-0.208990458,0.043478261
"541",541,1413,"Barner et al.",2016,1,1,"2",2,26,-0.215264538,0.043478261
"542",542,1413,"Barner et al.",2016,1,1,"2",2,26,-0.484700279,0.043478261
"543",543,1413,"Barner et al.",2016,1,1,"2",2,26,-0.493512743,0.043478261
"544",544,1413,"Barner et al.",2016,1,1,"2",2,26,-0.612664516,0.043478261
"545",545,1414,"Foley",2015,1,1,"2",2,40,-0.451340166,0.027027027
"546",546,1415,"Hurst & Cordes",2012,1,5,"2",2,29,0.030009005,0.038461538
"547",547,1415,"Hurst & Cordes",2012,1,5,"2",2,29,-0.063083548,0.038461538
"548",548,1415,"Hurst & Cordes",2012,1,5,"2",2,29,-0.220505698,0.038461538
"549",549,1415,"Hurst & Cordes",2012,1,5,"2",2,29,-0.430812377,0.038461538
"550",550,1416,"Hurst & Cordes",2013,1,5,"2",2,24,-0.274707811,0.047619048
"551",551,1416,"Hurst & Cordes",2013,1,5,"2",2,24,-0.519093409,0.047619048
"552",552,1416,"Hurst & Cordes",2013,1,5,"2",2,24,-0.546643022,0.047619048
"553",553,1416,"Hurst & Cordes",2013,1,5,"2",2,22,-0.50750636,0.052631579
"554",554,1417,"Lauer, Esposito, & Bauer",2016,1,2,"2",2,529,-0.156259498,0.001901141
"555",555,1418,"Braham & Libertus",2016,1,5,"2",2,86,-0.192337169,0.012048193
"556",556,1418,"Braham & Libertus",2016,1,5,"2",2,85,-0.223656109,0.012195122
"557",557,1418,"Braham & Libertus",2016,1,5,"2",2,85,-0.276863823,0.012195122
"558",558,1419,"Schmitz, Salemink, Wiers, & Jansen",2015,3,5,"2",2,103,-0.342828254,0.01
"559",559,1420,"Benedict",2016,1,5,"2",2,63,-0.549306144,0.016666667
"560",560,1420,"Benedict",2016,1,5,"2",2,63,-0.13073985,0.016666667
"561",561,1420,"Benedict",2016,1,5,"2",2,63,-0.181982689,0.016666667
"562",562,1420,"Benedict",2016,1,5,"2",2,63,-0.213171347,0.016666667
"563",563,1420,"Benedict",2016,1,5,"2",2,63,-0.234189467,0.016666667
"564",564,1420,"Benedict",2016,1,5,"2",2,63,-0.298566264,0.016666667
"565",565,1420,"Benedict",2016,1,5,"2",2,63,-0.320545409,0.016666667
"566",566,1420,"Benedict",2016,1,5,"2",2,63,-0.459896681,0.016666667
"567",567,1421,"Douglas & LeFevre",2016,1,5,"2",2,90,-0.309519604,0.011494253
"568",568,1421,"Douglas & LeFevre",2016,1,5,"2",2,90,-0.3884231,0.011494253
"569",569,1421,"Douglas & LeFevre",2016,1,5,"2",2,90,-0.459896681,0.011494253
"570",570,1423,"LeFevre, Penner-Wilger, Pyke, Shanahan, & Deslauriers",2014,1,5,"2",2,693,-0.320545409,0.001449275
"571",571,1424,"Sowinski",2016,1,5,"2",2,151,-0.151140436,0.006756757
"572",572,1424,"Sowinski",2016,1,5,"2",2,151,-0.080171325,0.006756757
"573",573,1424,"Sowinski",2016,1,5,"2",2,151,-0.13073985,0.006756757
"574",574,1424,"Sowinski",2016,1,5,"2",2,151,-0.192337169,0.006756757
"575",575,1424,"Sowinski",2016,1,5,"2",2,151,-0.213171347,0.006756757
"576",576,1424,"Sowinski",2016,1,5,"2",2,151,-0.266108407,0.006756757
"577",577,1424,"Sowinski",2016,1,5,"2",2,151,-0.298566264,0.006756757
"578",578,1425,"Sowinski, Dunbar, & LeFevre",2014,1,5,"2",2,391,-0.223656109,0.00257732
"579",579,1427,"Arias",2016,-999,6,"2",2,397,-0.234189467,0.002538071
"580",580,1428,"Gashaj & Roebers",2015,3,1,"2",2,133,-0.18611973,0.007692308
"581",581,1429,"Gilligan, Thomas, & Farran",2016,3,2,"2",2,151,-0.212125441,0.006756757
"582",582,1429,"Gilligan, Thomas, & Farran",2016,3,2,"2",2,134,-0.036015564,0.007633588
"583",583,1429,"Gilligan, Thomas, & Farran",2016,3,2,"2",2,129,0.020002667,0.007936508
"584",584,1429,"Gilligan, Thomas, & Farran",2016,3,2,"2",2,129,0.070114671,0.007936508
"585",585,1429,"Gilligan, Thomas, & Farran",2016,3,2,"2",2,105,-0.110446916,0.009803922
"586",586,1430,"Krinzinger",2016,3,2,"2",2,84,-0.181982689,0.012345679
"587",587,1430,"Krinzinger",2016,3,1,"2",2,103,-0.171666664,0.01
"588",588,1430,"Krinzinger",2016,3,1,"2",2,69,0.050041729,0.015151515
"589",589,1430,"Krinzinger",2016,3,1,"2",2,82,-0.140925576,0.012658228
"590",590,1430,"Krinzinger",2016,3,1,"2",2,89,-0.202732554,0.011627907
"591",591,1433,"Batchelor",2016,1,5,"2",2,123,-0.59014516,0.008333333
"592",592,1433,"Batchelor",2016,1,5,"2",2,123,-0.604155603,0.008333333
"593",593,1435,"Sandoz, Butcher, & Protti",2017,1,5,"2",2,132,-0.020002667,0.007751938
"594",594,1438,"Si, Li, Sun, Xu, & Sun",2016,4,3,"2",2,215,-0.359757028,0.004716981
"595",595,1438,"Si, Li, Sun, Xu, & Sun",2016,4,2,"2",2,221,-0.195451377,0.004587156
"596",596,1438,"Si, Li, Sun, Xu, & Sun",2016,4,5,"2",2,203,-0.320545409,0.005
"597",597,1439,"Hoover & Healy",2017,1,6,"2",2,20,-0.105388448,0.058823529
"598",598,1439,"Hoover & Healy",2017,1,5,"2",2,20,-0.140925576,0.058823529
"599",599,1439,"Hoover & Healy",2017,1,5,"2",2,20,-0.362029024,0.058823529
"600",600,1439,"Hoover & Healy",2017,1,6,"2",2,20,-0.534745221,0.058823529
"601",601,1456,"Devine, Hill, Carey, & SzÅ±cs",2018,3,2,"2",2,830,-0.298566264,0.00120919
"602",602,1456,"Devine, Hill, Carey, & SzÅ±cs",2018,3,3,"2",2,238,-0.161386696,0.004255319
"603",603,1456,"Devine, Hill, Carey, & SzÅ±cs",2018,3,3,"2",2,689,-0.331647109,0.001457726
"604",604,1465,"Wu, Chen, Battista, Watts, Willcutt, & Menon",2017,1,1,"2",2,330,-0.234189467,0.003058104
"605",605,1465,"Wu, Chen, Battista, Watts, Willcutt, & Menon",2017,1,1,"2",2,330,-0.40005965,0.003058104
"606",606,1479,"Canu, Elizondo, & Broman-Fulks",2017,1,5,"2",2,272,-0.295293894,0.003717472
"607",607,1480,"Gibson-Dee",2016,1,5,"2",2,214,-0.287682072,0.004739336
"608",608,1480,"Gibson-Dee",2016,1,5,"2",2,214,-0.181982689,0.004739336
"609",609,1480,"Gibson-Dee",2016,1,5,"2",2,214,-0.181982689,0.004739336
"610",610,1480,"Gibson-Dee",2016,1,5,"2",2,214,-0.276863823,0.004739336
"611",611,1482,"Cargnelutti, Tomasetto, & Passolunghi",2017,3,2,"2",2,80,-0.120581028,0.012987013
"612",612,1482,"Cargnelutti, Tomasetto, & Passolunghi",2017,3,2,"2",2,80,0.120581028,0.012987013
"613",613,1482,"Cargnelutti, Tomasetto, & Passolunghi",2017,3,2,"2",2,80,0.140925576,0.012987013
"614",614,1482,"Cargnelutti, Tomasetto, & Passolunghi",2017,3,2,"2",2,80,0.213171347,0.012987013
"615",615,1482,"Cargnelutti, Tomasetto, & Passolunghi",2017,3,2,"2",2,80,0.223656109,0.012987013
"616",616,1482,"Cargnelutti, Tomasetto, & Passolunghi",2017,3,2,"2",2,80,0.244774113,0.012987013
"617",617,1482,"Cargnelutti, Tomasetto, & Passolunghi",2017,3,2,"2",2,80,-0.376885901,0.012987013
"618",618,1482,"Cargnelutti, Tomasetto, & Passolunghi",2017,3,2,"2",2,80,-0.320545409,0.012987013
"619",619,1482,"Cargnelutti, Tomasetto, & Passolunghi",2017,3,2,"2",2,80,-0.320545409,0.012987013
"620",620,1482,"Cargnelutti, Tomasetto, & Passolunghi",2017,3,1,"2",2,198,-0.708921359,0.005128205
"621",621,1482,"Cargnelutti, Tomasetto, & Passolunghi",2017,3,1,"2",2,198,-0.040021354,0.005128205
"622",622,1482,"Cargnelutti, Tomasetto, & Passolunghi",2017,3,1,"2",2,198,-0.010000333,0.005128205
"623",623,1484,"Lindskog, Winman, & Poom",2017,-999,5,"2",2,79,-0.459896681,0.013157895
"624",624,1484,"Lindskog, Winman, & Poom",2017,-999,5,"2",2,79,-0.365443754,0.013157895
"625",625,1486,"Hart, Daucourt, & Ganley",2017,1,5,"2",2,85,0.020002667,0.012195122
"626",626,1486,"Hart, Daucourt, & Ganley",2017,1,5,"2",2,85,-0.13073985,0.012195122
"627",627,1487,"D'Aloisio",2016,1,5,"2",2,221,-0.234189467,0.004587156
"628",628,1487,"D'Aloisio",2016,1,5,"2",2,219,-0.205859519,0.00462963
"629",629,1487,"D'Aloisio",2016,1,5,"2",2,202,-0.205859519,0.005025126
"630",630,1487,"D'Aloisio",2016,1,5,"2",2,202,-0.330533423,0.005025126
"631",631,1487,"D'Aloisio",2016,1,5,"2",2,202,-0.487210954,0.005025126
"632",632,1487,"D'Aloisio",2016,1,5,"2",2,182,-0.330533423,0.005586592
"633",633,1489,"Lee & Cho",2018,4,5,"2",2,76,-0.078158764,0.01369863
"634",634,1489,"Lee & Cho",2018,4,5,"2",2,76,0.0852056,0.01369863
"635",635,1489,"Lee & Cho",2018,4,5,"2",2,76,0.021003088,0.01369863
"636",636,1494,"Justicia-Galiano, Martin-Puga, Linares, & Pelegrina",2017,3,2,"2",2,167,-0.276863823,0.006097561
"637",637,1494,"Justicia-Galiano, Martin-Puga, Linares, & Pelegrina",2017,3,2,"2",2,167,-0.266108407,0.006097561
"638",638,1497,"YÃ¡Ã±ez-Marquina & VillardÃ³n-Gallego",2017,3,3,"2",2,563,-0.161386696,0.001785714
"639",639,1497,"YÃ¡Ã±ez-Marquina & VillardÃ³n-Gallego",2017,3,3,"2",2,563,-0.40005965,0.001785714
"640",640,1497,"YÃ¡Ã±ez-Marquina & VillardÃ³n-Gallego",2017,3,3,"2",2,563,-0.3884231,0.001785714
"641",641,1503,"Paechter, Macher, Martskivishvili, Wimmer, & Papousek",2017,3,5,"2",2,225,-0.126673217,0.004504505
"642",642,1503,"Paechter, Macher, Martskivishvili, Wimmer, & Papousek",2017,3,5,"2",2,225,-0.210035,0.004504505
"643",643,1503,"Paechter, Macher, Martskivishvili, Wimmer, & Papousek",2017,3,5,"2",2,225,-0.342828254,0.004504505
"644",644,1503,"Paechter, Macher, Martskivishvili, Wimmer, & Papousek",2017,3,5,"2",2,225,0.005000042,0.004504505
"645",645,1503,"Paechter, Macher, Martskivishvili, Wimmer, & Papousek",2017,3,5,"2",2,225,-0.012000576,0.004504505
"646",646,1503,"Paechter, Macher, Martskivishvili, Wimmer, & Papousek",2017,3,5,"2",2,225,-0.123625981,0.004504505
"647",647,1503,"Paechter, Macher, Martskivishvili, Wimmer, & Papousek",2017,3,5,"2",2,225,0.002000003,0.004504505
"648",648,1503,"Paechter, Macher, Martskivishvili, Wimmer, & Papousek",2017,3,5,"2",2,225,-0.050041729,0.004504505
"649",649,1503,"Paechter, Macher, Martskivishvili, Wimmer, & Papousek",2017,3,5,"2",2,225,-0.115511019,0.004504505
"650",650,1503,"Paechter, Macher, Martskivishvili, Wimmer, & Papousek",2017,3,5,"2",2,225,-0.078158764,0.004504505
"651",651,1503,"Paechter, Macher, Martskivishvili, Wimmer, & Papousek",2017,3,5,"2",2,225,-0.119566541,0.004504505
"652",652,1503,"Paechter, Macher, Martskivishvili, Wimmer, & Papousek",2017,3,5,"2",2,225,-0.126673217,0.004504505
"653",653,1507,"Ariapooran",2017,4,4,"2",2,63,-0.262893582,0.016666667
"654",654,1507,"Ariapooran",2017,4,4,"2",2,63,-0.31171886,0.016666667
"655",655,1514,"Hunt, Bhardwa, & Sheffield",2017,3,3,"2",2,77,-0.104377407,0.013513514
"656",656,1514,"Hunt, Bhardwa, & Sheffield",2017,3,3,"2",2,77,-0.263964597,0.013513514
"657",657,1519,"Daches Cohen & Rubinsten",2017,4,3,"2",2,27,-0.287682072,0.041666667
"658",658,1519,"Daches Cohen & Rubinsten",2017,4,3,"2",2,27,-0.447692024,0.041666667
"659",659,1520,"Ramirez",2017,1,1,"2",2,812,-0.265036204,0.001236094
"660",660,1520,"Ramirez",2017,1,1,"2",2,812,-0.266108407,0.001236094
"661",661,1522,"Ribeiro, Tonoli, Ribeiro, & Santos",2017,2,2,"1",2,15,0.566792795,0.083333333
"662",662,1522,"Ribeiro, Tonoli, Ribeiro, & Santos",2017,2,2,"1",2,15,0.203774438,0.083333333
"663",663,1522,"Ribeiro, Tonoli, Ribeiro, & Santos",2017,2,2,"1",2,15,0.18715497,0.083333333
"664",664,1522,"Ribeiro, Tonoli, Ribeiro, & Santos",2017,2,2,"1",2,15,-0.027006564,0.083333333
"665",665,1522,"Ribeiro, Tonoli, Ribeiro, & Santos",2017,2,2,"1",2,15,-0.370009475,0.083333333
"666",666,1522,"Ribeiro, Tonoli, Ribeiro, & Santos",2017,2,2,"1",2,13,0.284429817,0.1
"667",667,1522,"Ribeiro, Tonoli, Ribeiro, & Santos",2017,2,2,"1",2,13,0.177851799,0.1
"668",668,1522,"Ribeiro, Tonoli, Ribeiro, & Santos",2017,2,2,"1",2,13,-0.019002287,0.1
"669",669,1522,"Ribeiro, Tonoli, Ribeiro, & Santos",2017,2,2,"1",2,13,-0.0852056,0.1
"670",670,1522,"Ribeiro, Tonoli, Ribeiro, & Santos",2017,2,2,"1",2,13,-0.115511019,0.1
"671",671,1522,"Ribeiro, Tonoli, Ribeiro, & Santos",2017,2,2,"1",2,13,-0.121595763,0.1
"672",672,1522,"Ribeiro, Tonoli, Ribeiro, & Santos",2017,2,2,"1",2,13,-0.145007898,0.1
"673",673,1522,"Ribeiro, Tonoli, Ribeiro, & Santos",2017,2,2,"2",2,15,0.488468431,0.083333333
"674",674,1522,"Ribeiro, Tonoli, Ribeiro, & Santos",2017,2,2,"2",2,15,0.44526613,0.083333333
"675",675,1522,"Ribeiro, Tonoli, Ribeiro, & Santos",2017,2,2,"2",2,15,0.249022949,0.083333333
"676",676,1522,"Ribeiro, Tonoli, Ribeiro, & Santos",2017,2,2,"2",2,15,-0.049039273,0.083333333
"677",677,1522,"Ribeiro, Tonoli, Ribeiro, & Santos",2017,2,2,"2",2,15,-0.086212965,0.083333333
"678",678,1522,"Ribeiro, Tonoli, Ribeiro, & Santos",2017,2,2,"2",2,15,-0.149095025,0.083333333
"679",679,1522,"Ribeiro, Tonoli, Ribeiro, & Santos",2017,2,2,"2",2,15,-0.180949396,0.083333333
"680",680,1522,"Ribeiro, Tonoli, Ribeiro, & Santos",2017,2,2,"2",2,15,-0.253280612,0.083333333
"681",681,1522,"Ribeiro, Tonoli, Ribeiro, & Santos",2017,2,2,"2",2,15,-0.261823156,0.083333333
"682",682,1522,"Ribeiro, Tonoli, Ribeiro, & Santos",2017,2,2,"2",2,15,-0.289853534,0.083333333
"683",683,1522,"Ribeiro, Tonoli, Ribeiro, & Santos",2017,2,2,"2",2,15,-0.404743086,0.083333333
"684",684,1522,"Ribeiro, Tonoli, Ribeiro, & Santos",2017,2,2,"2",2,15,-0.602745045,0.083333333
"685",685,1529,"Mkhize & Maistry",2017,5,5,"2",1,128,-0.097305953,0.008
"686",686,1529,"Mkhize & Maistry",2017,5,5,"2",1,112,-0.152163611,0.009174312
"687",687,1529,"Mkhize & Maistry",2017,5,5,"2",1,62,-0.257547287,0.016949153
"688",688,1529,"Mkhize & Maistry",2017,5,5,"2",1,53,-0.18715497,0.02
"689",689,1529,"Mkhize & Maistry",2017,5,5,"2",1,31,-0.25008653,0.035714286
"690",690,1529,"Mkhize & Maistry",2017,5,5,"2",1,27,-0.295293894,0.041666667
"691",691,1536,"Caviola, Primi, Chiesi, & Mammarella",2017,3,2,"2",2,1012,-0.110446916,0.00099108
"692",692,1536,"Caviola, Primi, Chiesi, & Mammarella",2017,3,2,"2",2,1010,-0.161386696,0.000993049
"693",693,1536,"Caviola, Primi, Chiesi, & Mammarella",2017,3,2,"2",2,1010,-0.223656109,0.000993049
"694",694,1536,"Caviola, Primi, Chiesi, & Mammarella",2017,3,2,"2",2,1009,-0.192337169,0.000994036
"695",695,1536,"Caviola, Primi, Chiesi, & Mammarella",2017,3,2,"2",2,1012,-0.110446916,0.00099108
"696",696,1536,"Caviola, Primi, Chiesi, & Mammarella",2017,3,2,"2",2,1010,-0.171666664,0.000993049
"697",697,1536,"Caviola, Primi, Chiesi, & Mammarella",2017,3,2,"2",2,1010,-0.213171347,0.000993049
"698",698,1536,"Caviola, Primi, Chiesi, & Mammarella",2017,3,2,"2",2,1009,-0.202732554,0.000994036
"699",699,1540,"Henschel & Roick",2017,3,2,"2",2,368,-0.576339755,0.002739726
"700",700,1540,"Henschel & Roick",2017,3,2,"2",2,368,-0.829114038,0.002739726
"701",701,1542,"Van der Beek, Van der Ven, Kroesbergen, & Leseman",2017,3,4,"2",2,1014,-0.223656109,0.00098912
"702",702,1557,"Novak & Tassell",2017,1,5,"2",2,47,-0.576339755,0.022727273
"703",703,1557,"Novak & Tassell",2017,1,5,"2",2,47,-0.632833187,0.022727273
"704",704,1557,"Novak & Tassell",2017,1,5,"2",2,47,-0.647522845,0.022727273
"705",705,1560,"Cheung",2017,4,4,"2",2,5177,-0.323867791,0.000193274
"706",706,1560,"Cheung",2017,4,4,"2",2,4670,-0.326086553,0.00021427
"707",707,1560,"Cheung",2017,4,4,"2",2,5033,-0.207946366,0.000198807
"708",708,1560,"Cheung",2017,4,4,"2",2,5546,-0.432010329,0.000180408
"709",709,1560,"Cheung",2017,4,4,"2",2,6046,-0.284429817,0.000165481
"710",710,1565,"Buelow & Barnhart",2017,1,5,"2",2,137,-0.163439918,0.007462687
"711",711,1570,"Auxter",2016,1,5,"2",2,121,-0.342828254,0.008474576
"712",712,1570,"Auxter",2016,1,5,"2",2,121,-0.354092529,0.008474576
"713",713,1572,"Soni & Kumari",2017,4,3,"2",2,595,-0.867300528,0.001689189
"714",714,1576,"Hart, Ganley, & Purpura",2016,1,6,"2",2,339,-0.140925576,0.00297619
"715",715,1582,"Ganley",2014,1,5,"2",2,137,-0.181982689,0.007462687
"716",716,1582,"Ganley",2014,1,5,"2",2,70,-0.280102561,0.014925373
"717",717,1582,"Ganley",2014,1,5,"2",2,137,-0.18715497,0.007462687
"718",718,1582,"Ganley",2014,1,5,"2",2,70,-0.131757175,0.014925373
"719",719,1583,"Ganley, Conlon, McGraw, Barroso, & Geer",2016,1,5,"2",2,61,-0.237359351,0.017241379
"720",720,1584,"Conlon, Barroso, Hicks, & Ganley",2018,1,5,"2",2,53,-0.147050852,0.02
"721",721,1584,"Conlon, Barroso, Hicks, & Ganley",2018,1,5,"2",2,53,-0.192337169,0.02
"722",722,1585,"Hart & Ganley",2017,1,6,"2",2,1000,-0.320545409,0.001003009
"723",723,1585,"Hart & Ganley",2017,1,6,"2",2,996,-0.266108407,0.001007049
"724",724,1585,"Hart & Ganley",2017,1,6,"2",2,1000,-0.342828254,0.001003009
"725",725,1585,"Hart & Ganley",2017,1,6,"2",2,996,-0.276863823,0.001007049
"726",726,1585,"Hart & Ganley",2017,1,6,"2",2,1000,-0.354092529,0.001003009
"727",727,1585,"Hart & Ganley",2017,1,6,"2",2,996,-0.255412812,0.001007049
"728",728,1587,"Hart et al.",2016,1,5,"2",2,342,-0.067100525,0.002949853
"729",729,1587,"Hart et al.",2016,1,5,"2",2,342,-0.148072785,0.002949853
"730",730,1587,"Hart et al.",2016,1,5,"2",2,345,-0.142966145,0.002923977
"731",731,1589,"Kowalsky",2017,1,5,"2",2,117,-0.008000171,0.00877193
"732",732,1589,"Kowalsky",2017,1,5,"2",2,124,-0.298566264,0.008264463
"733",733,1589,"Kowalsky",2017,1,5,"2",2,165,0.115511019,0.00617284
"734",734,1589,"Kowalsky",2017,1,5,"2",2,162,0.099325348,0.006289308
"735",735,1590,"Geer & Ganley",2017,1,5,"2",2,251,-0.087220503,0.004032258
"736",736,1591,"Barroso",2017,1,5,"2",2,348,-0.053049709,0.002898551
"737",737,1591,"Barroso",2017,1,5,"2",2,347,-0.174757577,0.002906977
"738",738,1592,"Barroso, Ganley, Hart, Clendinning, & Rogers",2018,1,5,"2",2,230,-0.171666664,0.004405286
"739",739,1592,"Barroso, Ganley, Hart, Clendinning, & Rogers",2018,1,5,"2",2,230,-0.365443754,0.004405286
"740",740,1600,"NÃºÃ±ez-PeÃ±a Lab",2013,3,5,"2",2,262,-0.060072156,0.003861004
"741",741,1600,"NÃºÃ±ez-PeÃ±a Lab",2014,3,5,"2",2,96,-0.298566264,0.010752688
"742",742,1600,"NÃºÃ±ez-PeÃ±a Lab",2013,3,5,"2",2,262,-0.13073985,0.003861004
"743",743,1600,"NÃºÃ±ez-PeÃ±a Lab",2014,3,5,"2",2,96,-0.40005965,0.010752688
"744",744,1600,"NÃºÃ±ez-PeÃ±a Lab",2013,3,5,"2",2,262,-0.13073985,0.003861004
"745",745,1600,"NÃºÃ±ez-PeÃ±a Lab",2014,3,5,"2",2,96,-0.266108407,0.010752688
"746",746,1600,"NÃºÃ±ez-PeÃ±a Lab",2013,3,5,"2",2,247,-0.110446916,0.004098361
"747",747,1600,"NÃºÃ±ez-PeÃ±a Lab",2014,3,5,"2",2,61,-0.298566264,0.017241379
