row_uid,study,g,ci_lower,ci_upper,se_g,pool_id,ma_doi
10_5271_sjweh_4219__r1,"Igu, 2023",-1.45,-1.95,-0.95,0.255106728462,pool_1621,10.5271/sjweh.4219
10_5271_sjweh_4219__r2,"Shonin, 2014",-1.09,-1.43,-0.74,0.176023642639,pool_1621,10.5271/sjweh.4219
10_5271_sjweh_4219__r3,"Zolnierczyk-Zreda, 2016",-0.91,-1.25,-0.57,0.173472575354,pool_1621,10.5271/sjweh.4219
10_5271_sjweh_4219__r4,"Sawyer, 2023",-0.26,-0.71,0.19,0.229596055616,pool_1621,10.5271/sjweh.4219
10_5271_sjweh_4219__r5,"Deval, 2017",-0.23,-0.69,0.24,0.23724925747,pool_1621,10.5271/sjweh.4219
10_5271_sjweh_4219__r6,"Vonderlin, 2021",-0.21,-0.47,0.05,0.1326554988,pool_1621,10.5271/sjweh.4219
10_5271_sjweh_4219__r7,"Martin, 2020",-0.21,-0.5,0.09,0.150512969793,pool_1621,10.5271/sjweh.4219
10_5271_sjweh_4219__r8,"Li, 2017",-0.16,-0.45,0.12,0.145410835224,pool_1621,10.5271/sjweh.4219
10_5271_sjweh_4219__r9,"Ly, 2014",-0.14,-0.6,0.31,0.232147122901,pool_1621,10.5271/sjweh.4219
10_5271_sjweh_4219__r10,"Munafo, 2016",-0.09,-0.8,0.61,0.359700487132,pool_1621,10.5271/sjweh.4219
10_5271_sjweh_4219__r11,"Limm, 2011",0.02,-0.3,0.33,0.160717238931,pool_1621,10.5271/sjweh.4219
10_5271_sjweh_4219__r12,"Bennett, 2011",0.08,-0.24,0.41,0.165819373501,pool_1621,10.5271/sjweh.4219
